brand,model,top_speed_kmh,battery_capacity_kWh,battery_type,number_of_cells,torque_nm,efficiency_wh_per_km,range_km,acceleration_0_100_s,fast_charging_power_kw_dc,fast_charge_port,towing_capacity_kg,cargo_volume_l,seats,drivetrain,segment,length_mm,width_mm,height_mm,car_body_type,source_url,predicted_range_km
abarth,500e convertible,155,37.8,lithium-ion,192.0,235.0,156,225,7.0,67.0,ccs,0.0,185,4,fwd,b - compact,3673,1683,1518,hatchback,https://ev-database.org/car/1904/abarth-500e-convertible,220.10779392316465
abarth,500e hatchback,155,37.8,lithium-ion,192.0,235.0,149,225,7.0,67.0,ccs,0.0,185,4,fwd,b - compact,3673,1683,1518,hatchback,https://ev-database.org/car/1903/abarth-500e-hatchback,224.34027748304317
abarth,600e scorpionissima,200,50.8,lithium-ion,102.0,345.0,158,280,5.9,79.0,ccs,0.0,360,5,fwd,jb - compact,4187,1779,1557,suv,https://ev-database.org/car/3057/abarth-600e-scorpionissima,281.72238758372595
abarth,600e turismo,200,50.8,lithium-ion,102.0,345.0,158,280,6.2,79.0,ccs,0.0,360,5,fwd,jb - compact,4187,1779,1557,suv,https://ev-database.org/car/3056/abarth-600e-turismo,280.530399711773
alfa,romeo junior elettrica 54 kwh,150,50.8,lithium-ion,102.0,260.0,128,320,9.0,85.0,ccs,0.0,400,5,fwd,jb - compact,4173,1781,1532,suv,https://ev-database.org/car/2184/alfa-romeo-junior-elettrica-54-kwh,310.019309138802
alfa,romeo junior elettrica 54 kwh veloce,200,50.8,lithium-ion,102.0,345.0,164,310,6.0,85.0,ccs,0.0,400,5,fwd,jb - compact,4173,1781,1505,suv,https://ev-database.org/car/2185/alfa-romeo-junior-elettrica-54-kwh-veloce,293.5806752294029
alpine,a290 electric 180 hp,160,52.0,lithium-ion,184.0,285.0,138,310,7.4,70.0,ccs,500.0,326,5,fwd,b - compact,3997,1823,1512,hatchback,https://ev-database.org/car/2268/alpine-a290-electric-180-hp,303.3837308062381
alpine,a290 electric 220 hp,170,52.0,lithium-ion,184.0,300.0,144,305,6.4,70.0,ccs,500.0,326,5,fwd,b - compact,3997,1823,1512,hatchback,https://ev-database.org/car/2269/alpine-a290-electric-220-hp,301.3675454323228
audi,a6 avant e-tron,210,75.8,lithium-ion,150.0,435.0,146,465,6.0,150.0,ccs,2100.0,502,5,rwd,je - executive,4928,1923,1455,station/estate,https://ev-database.org/car/3055/audi-a6-avant-e-tron,484.07947249939906
audi,a6 avant e-tron performance,210,94.9,lithium-ion,180.0,565.0,151,575,5.4,200.0,ccs,2100.0,502,5,rwd,je - executive,4928,1923,1455,station/estate,https://ev-database.org/car/2272/audi-a6-avant-e-tron-performance,573.6158831249413
audi,a6 avant e-tron quattro,210,94.9,lithium-ion,180.0,855.0,157,560,4.5,200.0,ccs,2100.0,502,5,awd,je - executive,4928,1923,1455,station/estate,https://ev-database.org/car/3054/audi-a6-avant-e-tron-quattro,546.858002988431
audi,a6 sportback e-tron,210,75.8,lithium-ion,150.0,435.0,136,495,6.0,150.0,ccs,2100.0,502,5,rwd,je - executive,4928,1923,1455,liftback sedan,https://ev-database.org/car/3053/audi-a6-sportback-e-tron,500.9518822243879
audi,a6 sportback e-tron performance,210,94.9,lithium-ion,180.0,565.0,141,610,5.4,200.0,ccs,2100.0,502,5,rwd,je - executive,4928,1923,1455,liftback sedan,https://ev-database.org/car/2270/audi-a6-sportback-e-tron-performance,590.4882928499303
audi,a6 sportback e-tron quattro,210,94.9,lithium-ion,180.0,855.0,147,590,4.7,200.0,ccs,2100.0,502,5,awd,je - executive,4928,1923,1455,liftback sedan,https://ev-database.org/car/3052/audi-a6-sportback-e-tron-quattro,563.6000075038653
audi,q4 sportback e-tron 40,160,59.0,lithium-ion,216.0,310.0,156,340,8.1,110.0,ccs,1000.0,520,5,rwd,jc - medium,4588,1865,1614,suv,https://ev-database.org/car/3149/audi-q4-sportback-e-tron-40,344.1574166442504
audi,q4 sportback e-tron 45,180,77.0,lithium-ion,288.0,545.0,162,435,6.7,120.0,ccs,1000.0,535,5,rwd,jc - medium,4588,1865,1614,suv,https://ev-database.org/car/2016/audi-q4-sportback-e-tron-45,422.9241705684396
audi,q4 sportback e-tron 45 quattro,180,77.0,lithium-ion,288.0,679.0,165,410,6.6,120.0,ccs,1200.0,535,5,awd,jc - medium,4588,1865,1614,suv,https://ev-database.org/car/2017/audi-q4-sportback-e-tron-45-quattro,402.9539391014541
audi,q4 sportback e-tron 55 quattro,180,77.0,lithium-ion,288.0,679.0,165,415,5.4,120.0,ccs,1200.0,535,5,awd,jc - medium,4588,1865,1614,suv,https://ev-database.org/car/2018/audi-q4-sportback-e-tron-55-quattro,407.721890589266
audi,q4 e-tron 40,160,59.0,lithium-ion,216.0,310.0,159,325,8.1,110.0,ccs,1000.0,520,5,rwd,jc - medium,4588,1865,1632,suv,https://ev-database.org/car/3148/audi-q4-e-tron-40,338.61655529304215
audi,q4 e-tron 45,180,77.0,lithium-ion,288.0,545.0,169,420,6.7,120.0,ccs,1000.0,520,5,rwd,jc - medium,4588,1865,1632,suv,https://ev-database.org/car/2013/audi-q4-e-tron-45,410.24105449529117
audi,q4 e-tron 45 quattro,180,77.0,lithium-ion,288.0,679.0,171,395,6.6,120.0,ccs,1200.0,520,5,awd,jc - medium,4588,1865,1632,suv,https://ev-database.org/car/2014/audi-q4-e-tron-45-quattro,390.8754635368598
audi,q4 e-tron 55 quattro,180,77.0,lithium-ion,288.0,679.0,171,395,5.4,120.0,ccs,1200.0,520,5,awd,jc - medium,4588,1865,1632,suv,https://ev-database.org/car/2015/audi-q4-e-tron-55-quattro,395.6434150246717
audi,q6 e-tron,210,75.8,lithium-ion,150.0,450.0,166,395,7.0,150.0,ccs,2000.0,526,5,rwd,jd - large,4771,1939,1685,suv,https://ev-database.org/car/2281/audi-q6-e-tron,402.276044248383
audi,q6 e-tron sportback,210,75.8,lithium-ion,150.0,450.0,139,410,7.0,150.0,ccs,2000.0,511,5,rwd,jd - large,4771,1939,1665,suv,https://ev-database.org/car/3041/audi-q6-e-tron-sportback,422.7423822299498
audi,q6 e-tron sportback performance,210,94.9,lithium-ion,180.0,485.0,145,510,6.6,190.0,ccs,2000.0,511,5,rwd,jd - large,4771,1939,1665,suv,https://ev-database.org/car/3042/audi-q6-e-tron-sportback-performance,512.8922980181164
audi,q6 e-tron sportback quattro,210,94.9,lithium-ion,180.0,855.0,149,500,5.9,200.0,ccs,2400.0,511,5,awd,jd - large,4771,1939,1665,suv,https://ev-database.org/car/3043/audi-q6-e-tron-sportback-quattro,489.74242796327684
audi,q6 e-tron performance,210,94.9,lithium-ion,180.0,485.0,171,490,6.6,190.0,ccs,2000.0,526,5,rwd,jd - large,4771,1939,1685,suv,https://ev-database.org/car/2215/audi-q6-e-tron-performance,493.0306005451038
audi,q6 e-tron quattro,210,94.9,lithium-ion,180.0,855.0,176,480,5.9,200.0,ccs,2400.0,10 banana boxes,5,awd,jd - large,4771,1939,1685,suv,https://ev-database.org/car/2146/audi-q6-e-tron-quattro,469.2760899817101
audi,s6 avant e-tron,240,94.9,lithium-ion,180.0,855.0,156,530,3.9,200.0,ccs,2100.0,502,5,awd,je - executive,4928,1923,1493,station/estate,https://ev-database.org/car/2273/audi-s6-avant-e-tron,536.5753250895264
audi,s6 sportback e-tron,240,94.9,lithium-ion,180.0,855.0,149,555,3.9,200.0,ccs,2100.0,502,5,awd,je - executive,4928,1923,1465,liftback sedan,https://ev-database.org/car/2271/audi-s6-sportback-e-tron,557.4312752397025
audi,sq6 e-tron,230,94.9,lithium-ion,180.0,855.0,169,470,4.3,200.0,ccs,2400.0,514,5,awd,jd - large,4771,1965,1685,suv,https://ev-database.org/car/2147/audi-sq6-e-tron,472.24020098971187
audi,sq6 e-tron sportback,230,94.9,lithium-ion,180.0,855.0,164,495,4.3,200.0,ccs,2400.0,511,5,awd,jd - large,4771,1965,1665,suv,https://ev-database.org/car/3044/audi-sq6-e-tron-sportback,479.404447783089
audi,e-tron gt rs,250,97.0,lithium-ion,396.0,865.0,184,525,2.8,281.0,ccs,0.0,350,4,awd,f - luxury,4997,1964,1389,sedan,https://ev-database.org/car/2220/audi-e-tron-gt-rs,535.2310748502205
audi,e-tron gt rs performance,250,97.0,lithium-ion,396.0,1027.0,182,525,2.5,281.0,ccs,0.0,350,4,awd,f - luxury,4997,1964,1389,sedan,https://ev-database.org/car/2221/audi-e-tron-gt-rs-performance,531.5785995357564
audi,e-tron gt s,245,97.0,lithium-ion,396.0,740.0,172,540,3.4,281.0,ccs,0.0,405,4,awd,f - luxury,5004,1964,1394,sedan,https://ev-database.org/car/2219/audi-e-tron-gt-s,544.862335012811
audi,e-tron gt quattro,245,97.0,lithium-ion,396.0,625.0,169,540,4.0,281.0,ccs,0.0,405,4,awd,f - luxury,5004,1964,1394,sedan,https://ev-database.org/car/3182/audi-e-tron-gt-quattro,548.5896918032424
byd,atto 3 (my25),160,60.5,lithium-ion,126.0,310.0,144,340,7.3,75.0,ccs,750.0,440,5,fwd,jc - medium,4455,1875,1615,suv,https://ev-database.org/car/3192/byd-atto-3,339.4826938182935
byd,dolphin 44.9 kwh active,150,44.9,lithium-ion,104.0,180.0,132,265,12.3,50.0,ccs,0.0,345,5,fwd,c - medium,4290,1770,1570,hatchback,https://ev-database.org/car/1917/byd-dolphin-449-kwh-active,265.0240737957225
byd,dolphin 60.4 kwh,160,60.5,lithium-ion,126.0,310.0,142,350,7.0,65.0,ccs,0.0,345,5,fwd,c - medium,4290,1770,1570,hatchback,https://ev-database.org/car/1919/byd-dolphin-604-kwh,346.98776082994095
byd,dolphin surf 30 kwh active,150,30.0,lithium-ion,94.0,175.0,136,190,11.1,45.0,ccs,0.0,308,4,fwd,b - compact,3990,1720,1590,hatchback,https://ev-database.org/car/3193/byd-dolphin-surf-30-kwh-active,184.22941525973766
byd,dolphin surf 43.2 kwh boost,150,43.2,lithium-ion,90.0,175.0,134,270,12.1,60.0,ccs,0.0,308,4,fwd,b - compact,3990,1720,1590,hatchback,https://ev-database.org/car/3194/byd-dolphin-surf-432-kwh-boost,243.77615426287292
byd,dolphin surf 43.2 kwh comfort,150,43.2,lithium-ion,90.0,220.0,139,265,9.1,60.0,ccs,0.0,308,4,fwd,b - compact,3990,1720,1590,hatchback,https://ev-database.org/car/3195/byd-dolphin-surf-432-kwh-comfort,250.99123482754192
byd,seal 61.4 kwh rwd comfort,220,61.4,lithium-ion,128.0,380.0,133,365,7.5,75.0,ccs,750.0,400,5,rwd,d - large,4800,1875,1460,sedan,https://ev-database.org/car/3102/byd-seal-614-kwh-rwd-comfort,375.1273798184297
byd,seal 82.5 kwh awd excellence,180,82.5,lithium-ion,172.0,670.0,159,445,3.8,100.0,ccs,1500.0,400,5,awd,d - large,4800,1875,1460,sedan,https://ev-database.org/car/2002/byd-seal-825-kwh-awd-excellence,463.8121940659444
byd,seal 82.5 kwh rwd design,180,82.5,lithium-ion,172.0,360.0,145,480,5.9,100.0,ccs,750.0,400,5,rwd,d - large,4800,1875,1460,sedan,https://ev-database.org/car/2001/byd-seal-825-kwh-rwd-design,482.6760100588305
byd,seal u 71.8 kwh comfort,175,71.8,lithium-ion,132.0,310.0,171,360,9.3,72.0,ccs,1300.0,552,5,fwd,jd - large,4785,1890,1668,suv,https://ev-database.org/car/2094/byd-seal-u-718-kwh-comfort,361.1608309436229
byd,seal u 87 kwh design,175,87.0,lithium-ion,160.0,330.0,174,425,9.6,85.0,ccs,1300.0,552,5,fwd,jd - large,4785,1890,1668,suv,https://ev-database.org/car/2067/byd-seal-u-87-kwh-design,428.9782268947483
byd,sealion 7 82.5 kwh awd design,215,82.5,lithium-ion,172.0,690.0,181,400,4.5,115.0,ccs,1500.0,520,5,awd,jd - large,4830,1925,1620,suv,https://ev-database.org/car/3071/byd-sealion-7-825-kwh-awd-design,402.28569972653776
byd,sealion 7 82.5 kwh rwd comfort,215,82.5,lithium-ion,172.0,380.0,171,415,6.7,115.0,ccs,750.0,520,5,rwd,jd - large,4830,1925,1620,suv,https://ev-database.org/car/3070/byd-sealion-7-825-kwh-rwd-comfort,418.33362439455664
cupra,born 170 kw - 59 kwh,160,59.0,lithium-ion,216.0,310.0,156,360,6.7,110.0,ccs,0.0,385,5,rwd,c - medium,4322,1809,1540,hatchback,https://ev-database.org/car/2233/cupra-born-170-kw---59-kwh,362.53342090026916
cupra,born 170 kw - 77 kwh,160,77.0,lithium-ion,288.0,310.0,157,460,7.0,125.0,ccs,0.0,385,5,rwd,c - medium,4322,1809,1540,hatchback,https://ev-database.org/car/2234/cupra-born-170-kw---77-kwh,445.9975748937946
cupra,born vz,200,79.0,lithium-ion,288.0,545.0,149,465,5.6,135.0,ccs,0.0,385,5,rwd,c - medium,4322,1809,1538,hatchback,https://ev-database.org/car/2128/cupra-born-vz,451.46305963264916
cupra,tavascan endurance,180,77.0,lithium-ion,288.0,545.0,142,445,6.8,120.0,ccs,1000.0,540,5,rwd,jc - medium,4644,1861,1597,suv,https://ev-database.org/car/1971/cupra-tavascan-endurance,440.9120013885387
cupra,tavascan vz,180,77.0,lithium-ion,288.0,545.0,150,425,5.5,120.0,ccs,1200.0,540,5,awd,jc - medium,4644,1861,1597,suv,https://ev-database.org/car/1972/cupra-tavascan-vz,427.6939369114859
cadillac,lyriq 600 e4,210,102.0,lithium-ion,288.0,610.0,192,460,5.3,165.0,ccs,1587.0,793,5,awd,jf - luxury,5005,1977,1623,suv,https://ev-database.org/car/2243/cadillac-lyriq-600-e4,476.8804039597538
citroen,e-c4,150,46.3,lithium-ion,216.0,260.0,135,285,9.9,78.0,ccs,0.0,380,5,fwd,c - medium,4360,1834,1525,hatchback,https://ev-database.org/car/3047/citroen-e-c4,284.42176632828637
citroen,e-c4 54 kwh,150,50.8,lithium-ion,102.0,260.0,122,325,9.1,78.0,ccs,0.0,380,5,fwd,c - medium,4360,1834,1525,hatchback,https://ev-database.org/car/3048/citroen-e-c4-54-kwh,314.2735737772081
citroen,e-c4 x,150,46.3,lithium-ion,216.0,260.0,132,290,9.9,78.0,ccs,0.0,510,5,fwd,c - medium,4600,1834,1525,sedan,https://ev-database.org/car/3049/citroen-e-c4-x,297.6925137244108
citroen,e-c4 x 54 kwh,150,50.8,lithium-ion,102.0,260.0,119,335,9.1,78.0,ccs,0.0,510,5,fwd,c - medium,4600,1834,1525,sedan,https://ev-database.org/car/3050/citroen-e-c4-x-54-kwh,327.5443211733325
citroen,e-spacetourer m 50 kwh,130,46.3,lithium-ion,216.0,220.0,217,180,13.3,78.0,ccs,1000.0,603,9,fwd,n - passenger van,4983,1920,1890,small passenger van,https://ev-database.org/car/2252/citroen-e-spacetourer-m-50-kwh,169.75267409896912
citroen,e-spacetourer m 75 kwh,130,68.0,lithium-ion,324.0,220.0,202,260,14.2,79.0,ccs,1000.0,603,9,fwd,n - passenger van,4983,1920,1890,small passenger van,https://ev-database.org/car/2254/citroen-e-spacetourer-m-75-kwh,275.7161343388718
citroen,e-spacetourer xl 50 kwh,130,46.3,lithium-ion,216.0,220.0,219,180,13.3,78.0,ccs,1000.0,989,9,fwd,n - passenger van,5333,1920,1890,small passenger van,https://ev-database.org/car/2253/citroen-e-spacetourer-xl-50-kwh,172.53538927175902
citroen,e-spacetourer xl 75 kwh,130,68.0,lithium-ion,324.0,220.0,204,260,14.2,79.0,ccs,1000.0,989,9,fwd,n - passenger van,5333,1920,1890,small passenger van,https://ev-database.org/car/2255/citroen-e-spacetourer-xl-75-kwh,278.49884951166166
ds,3 e-tense,150,50.8,lithium-ion,102.0,260.0,128,300,9.0,85.0,ccs,0.0,350,5,fwd,jb - compact,4118,1802,1534,suv,https://ev-database.org/car/1791/ds-3-e-tense,298.95062514037556
dacia,spring electric 45,125,25.0,lithium-ion,72.0,125.0,109,165,19.1,29.0,ccs,0.0,308,4,fwd,a - mini,3700,1622,1516,hatchback,https://ev-database.org/car/2126/dacia-spring-electric-45,166.25950107065046
dacia,spring electric 65,125,25.0,lithium-ion,72.0,113.0,114,160,13.7,29.0,ccs,0.0,308,4,fwd,a - mini,3700,1622,1516,hatchback,https://ev-database.org/car/2127/dacia-spring-electric-65,185.1405057195908
fiat,500e 3+1 24 kwh,135,21.3,lithium-ion,108.0,220.0,112,135,9.0,40.0,ccs,0.0,185,4,fwd,b - compact,3631,1683,1529,hatchback,https://ev-database.org/car/1726/fiat-500e-3plus1-24-kwh,154.675204745953
fiat,500e 3+1 42 kwh,150,37.3,lithium-ion,192.0,220.0,122,235,9.0,67.0,ccs,0.0,185,4,fwd,b - compact,3631,1683,1529,hatchback,https://ev-database.org/car/1328/fiat-500e-3plus1-42-kwh,224.10719013589602
fiat,500e cabrio 24 kwh,135,21.3,lithium-ion,108.0,220.0,112,135,9.0,40.0,ccs,0.0,185,4,fwd,b - compact,3631,1683,1529,cabriolet,https://ev-database.org/car/1727/fiat-500e-cabrio-24-kwh,154.675204745953
fiat,500e cabrio 42 kwh,150,37.3,lithium-ion,192.0,220.0,125,230,9.0,67.0,ccs,0.0,185,4,fwd,b - compact,3631,1683,1529,cabriolet,https://ev-database.org/car/1275/fiat-500e-cabrio-42-kwh,222.29326861023378
fiat,500e hatchback 24 kwh,135,21.3,lithium-ion,108.0,220.0,112,135,9.0,40.0,ccs,0.0,185,4,fwd,b - compact,3631,1683,1529,hatchback,https://ev-database.org/car/1327/fiat-500e-hatchback-24-kwh,154.675204745953
fiat,500e hatchback 42 kwh,150,37.3,lithium-ion,192.0,220.0,118,235,9.0,67.0,ccs,0.0,185,4,fwd,b - compact,3631,1683,1529,hatchback,https://ev-database.org/car/1285/fiat-500e-hatchback-42-kwh,226.5257521701123
fiat,600e,150,50.8,lithium-ion,102.0,260.0,124,310,9.0,79.0,ccs,0.0,360,5,fwd,jb - compact,4171,1781,1523,suv,https://ev-database.org/car/1945/fiat-600e,304.4480437077534
ford,capri extended range awd,180,79.0,lithium-ion,288.0,679.0,148,455,5.3,135.0,ccs,1200.0,572,5,awd,d - large,4643,1872,1626,liftback sedan,https://ev-database.org/car/2242/ford-capri-extended-range-awd,439.2465832086358
ford,capri extended range rwd,180,77.0,lithium-ion,288.0,545.0,135,455,6.4,120.0,ccs,1000.0,572,5,rwd,d - large,4643,1872,1626,liftback sedan,https://ev-database.org/car/2241/ford-capri-extended-range-rwd,449.88358580624026
ford,capri standard range rwd,160,52.0,lithium-ion,192.0,310.0,163,320,9.0,85.0,ccs,1000.0,572,5,rwd,d - large,4643,1872,1626,liftback sedan,https://ev-database.org/car/2240/ford-capri-standard-range-rwd,314.4698258148259
ford,explorer extended range awd,180,79.0,lithium-ion,288.0,679.0,153,440,5.3,135.0,ccs,1200.0,536,5,awd,jc - medium,4468,1871,1639,suv,https://ev-database.org/car/2169/ford-explorer-extended-range-awd,414.49077366797667
ford,explorer extended range rwd,180,77.0,lithium-ion,288.0,545.0,139,435,6.4,120.0,ccs,1000.0,536,5,rwd,jc - medium,4468,1871,1630,suv,https://ev-database.org/car/2168/ford-explorer-extended-range-rwd,427.5958866869083
ford,explorer standard range rwd,160,52.0,lithium-ion,192.0,310.0,137,305,8.7,85.0,ccs,1000.0,536,5,rwd,jc - medium,4468,1871,1630,suv,https://ev-database.org/car/2167/ford-explorer-standard-range-rwd,311.5133298240692
ford,mustang mach-e er awd (my24),180,91.0,lithium-ion,376.0,675.0,165,445,4.6,115.0,ccs,1500.0,519,5,awd,jd - large,4713,1881,1624,suv,https://ev-database.org/car/2279/ford-mustang-mach-e-er-awd,452.50438349737885
ford,mustang mach-e er rwd (my24),180,91.0,lithium-ion,376.0,525.0,152,480,5.9,115.0,ccs,1500.0,519,5,rwd,jd - large,4713,1881,1624,suv,https://ev-database.org/car/2278/ford-mustang-mach-e-er-rwd,476.67379923799376
ford,mustang mach-e gt (my24),200,91.0,lithium-ion,376.0,950.0,177,425,3.8,115.0,ccs,750.0,519,5,awd,jd - large,4743,1881,1613,suv,https://ev-database.org/car/2280/ford-mustang-mach-e-gt,429.37696531168183
ford,mustang mach-e gt (my25),200,91.0,lithium-ion,376.0,950.0,177,435,3.8,115.0,ccs,750.0,519,5,awd,jd - large,4743,1881,1613,suv,https://ev-database.org/car/3190/ford-mustang-mach-e-gt,429.37696531168183
ford,mustang mach-e rally (my25),200,91.0,lithium-ion,376.0,950.0,178,415,3.9,115.0,ccs,750.0,519,5,awd,jd - large,4743,1881,1633,suv,https://ev-database.org/car/3191/ford-mustang-mach-e-rally,424.23395126187
ford,mustang mach-e rally (my24),200,91.0,lithium-ion,376.0,950.0,178,410,3.9,115.0,ccs,750.0,519,5,awd,jd - large,4743,1881,1633,suv,https://ev-database.org/car/2275/ford-mustang-mach-e-rally,424.23395126187
genesis,gv60 premium,185,74.0,lithium-ion,384.0,350.0,143,390,7.8,200.0,ccs,1600.0,432,5,rwd,jc - medium,4515,1890,1580,suv,https://ev-database.org/car/1647/genesis-gv60-premium,400.33787118703754
genesis,gv60 sport,200,74.0,lithium-ion,384.0,605.0,157,375,5.5,200.0,ccs,1600.0,432,5,awd,jc - medium,4515,1890,1580,suv,https://ev-database.org/car/1648/genesis-gv60-sport,372.91172971189525
genesis,gv60 sport plus,235,74.0,lithium-ion,384.0,700.0,159,360,4.0,200.0,ccs,1600.0,432,5,awd,jc - medium,4515,1890,1580,suv,https://ev-database.org/car/1649/genesis-gv60-sport-plus,367.8084911190587
genesis,gv70 electrified sport,235,74.0,lithium-ion,384.0,700.0,163,350,4.2,190.0,ccs,1800.0,503,5,awd,jd - large,4715,1910,1630,suv,https://ev-database.org/car/1725/genesis-gv70-electrified-sport,360.34195037135885
hyundai,ioniq 5 63 kwh rwd (my24),185,60.0,lithium-ion,288.0,350.0,136,345,8.5,150.0,ccs,750.0,520,5,rwd,jc - medium,4655,1890,1605,suv,https://ev-database.org/car/2235/hyundai-ioniq-5-63-kwh-rwd,347.65970566893327
hyundai,ioniq 5 84 kwh awd (my24),185,80.0,lithium-ion,384.0,605.0,162,445,5.3,205.0,ccs,1600.0,520,5,awd,jc - medium,4655,1890,1605,suv,https://ev-database.org/car/2237/hyundai-ioniq-5-84-kwh-awd,429.98788640780475
hyundai,ioniq 5 84 kwh rwd (my24),185,80.0,lithium-ion,384.0,350.0,155,450,7.5,205.0,ccs,1600.0,520,5,rwd,jc - medium,4655,1890,1605,suv,https://ev-database.org/car/2236/hyundai-ioniq-5-84-kwh-rwd,450.8772185761137
hyundai,ioniq 5 n (my24),260,80.0,lithium-ion,384.0,740.0,179,390,3.4,205.0,ccs,0.0,480,5,awd,jc - medium,4715,1940,1585,suv,https://ev-database.org/car/2044/hyundai-ioniq-5-n,388.2942017212454
hyundai,ioniq 6 long range 2wd,185,74.0,lithium-ion,384.0,350.0,136,495,7.4,200.0,ccs,1500.0,401,5,rwd,d - large,4855,1880,1495,sedan,https://ev-database.org/car/1718/hyundai-ioniq-6-long-range-2wd,468.6000031433451
hyundai,ioniq 6 long range awd,185,74.0,lithium-ion,384.0,605.0,143,440,5.1,200.0,ccs,1500.0,401,5,awd,d - large,4855,1880,1495,sedan,https://ev-database.org/car/1719/hyundai-ioniq-6-long-range-awd,446.8643344718045
hyundai,ioniq 6 standard range 2wd,185,50.0,lithium-ion,264.0,350.0,117,335,8.8,120.0,ccs,750.0,401,5,rwd,d - large,4855,1880,1495,sedan,https://ev-database.org/car/1717/hyundai-ioniq-6-standard-range-2wd,341.3166942935618
jaguar,i-pace ev400,200,84.7,lithium-ion,432.0,696.0,208,380,4.8,85.0,ccs,750.0,505,5,awd,jd - large,4682,2011,1566,suv,https://ev-database.org/car/1812/jaguar-i-pace-ev400,378.62304279113425
jeep,avenger electric,150,50.8,lithium-ion,102.0,260.0,132,310,9.0,85.0,ccs,0.0,355,5,fwd,jb - compact,4084,1776,1528,suv,https://ev-database.org/car/1816/jeep-avenger-electric,300.36834189456
kia,ev6 gt,260,80.0,lithium-ion,384.0,770.0,178,385,3.5,205.0,ccs,1800.0,480,5,awd,jc - medium,4695,1890,1545,suv,https://ev-database.org/car/3079/kia-ev6-gt,411.4000218197336
kia,ev6 long range 2wd,185,80.0,lithium-ion,384.0,350.0,143,455,7.3,205.0,ccs,1800.0,490,5,rwd,jc - medium,4695,1880,1575,suv,https://ev-database.org/car/3028/kia-ev6-long-range-2wd,464.9988704919984
kia,ev6 long range awd,185,80.0,lithium-ion,384.0,605.0,154,440,5.2,205.0,ccs,1800.0,490,5,awd,jc - medium,4695,1880,1575,suv,https://ev-database.org/car/3029/kia-ev6-long-range-awd,441.293646998822
kia,ev6 standard range 2wd,185,60.0,lithium-ion,288.0,350.0,140,345,8.7,150.0,ccs,750.0,490,5,rwd,jc - medium,4695,1880,1575,suv,https://ev-database.org/car/3030/kia-ev6-standard-range-2wd,348.1949622715245
kia,ev9 76.1 kwh rwd,190,73.0,lithium-ion,348.0,350.0,165,355,8.5,160.0,ccs,900.0,333,7,rwd,jf - luxury,5010,1980,1755,suv,https://ev-database.org/car/1833/kia-ev9-761-kwh-rwd,340.26104357174614
kia,ev9 99.8 kwh awd,200,96.0,lithium-ion,456.0,600.0,188,435,6.0,194.0,ccs,2500.0,333,7,awd,jf - luxury,5010,1980,1755,suv,https://ev-database.org/car/1835/kia-ev9-998-kwh-awd,439.31583166552343
kia,ev9 99.8 kwh awd gt,220,96.0,lithium-ion,456.0,740.0,190,420,4.6,194.0,ccs,2500.0,333,7,awd,jf - luxury,5015,1980,1755,suv,https://ev-database.org/car/3196/kia-ev9-998-kwh-awd-gt,435.0455392328846
kia,ev9 99.8 kwh awd gt-line,200,96.0,lithium-ion,456.0,700.0,190,425,5.3,194.0,ccs,2500.0,333,7,awd,jf - luxury,5015,1980,1780,suv,https://ev-database.org/car/1993/kia-ev9-998-kwh-awd-gt-line,432.18488725706845
kia,ev9 99.8 kwh rwd,185,96.0,lithium-ion,456.0,350.0,171,450,9.4,194.0,ccs,900.0,333,7,rwd,jf - luxury,5010,1980,1755,suv,https://ev-database.org/car/1834/kia-ev9-998-kwh-rwd,445.4157884016751
kia,niro ev,167,64.8,lithium-ion,96.0,255.0,140,385,7.8,70.0,ccs,750.0,475,5,fwd,jc - medium,4420,1825,1570,suv,https://ev-database.org/car/1666/kia-niro-ev,363.2894870549255
lancia,ypsilon,150,48.1,lithium-ion,96.0,260.0,122,310,8.2,80.0,ccs,0.0,309,5,fwd,b - compact,4080,1760,1440,hatchback,https://ev-database.org/car/2117/lancia-ypsilon,317.4613706640714
lexus,rz 300e,160,64.0,lithium-ion,96.0,266.0,149,365,8.0,100.0,ccs,750.0,522,5,fwd,jc - medium,4690,1860,1600,suv,https://ev-database.org/car/3027/lexus-rz-300e,360.60124801045316
lexus,rz 450e,160,64.0,lithium-ion,96.0,435.0,158,350,5.6,100.0,ccs,750.0,522,5,awd,jd - large,4805,1895,1635,suv,https://ev-database.org/car/1677/lexus-rz-450e,334.68298880171864
lexus,ux 300e,160,64.0,lithium-ion,96.0,300.0,145,340,7.5,35.0,chademo,0.0,316,5,fwd,jc - medium,4495,1840,1545,suv,https://ev-database.org/car/1943/lexus-ux-300e,351.3177003086707
lucid,air grand touring,270,112.0,lithium-ion,6600.0,1200.0,143,665,3.0,184.0,ccs,0.0,456,5,awd,f - luxury,4975,1939,1410,sedan,https://ev-database.org/car/1316/lucid-air-grand-touring,671.9647149045026
mg,4 electric 51 kwh,160,50.8,lithium-ion,104.0,250.0,145,300,7.7,68.0,ccs,500.0,363,5,rwd,c - medium,4287,1836,1504,hatchback,https://ev-database.org/car/1707/mg-mg4-electric-51-kwh,307.8796105160324
mg,4 electric 64 kwh,160,61.7,lithium-ion,104.0,250.0,142,360,7.9,116.0,ccs,500.0,363,5,rwd,c - medium,4287,1836,1504,hatchback,https://ev-database.org/car/1708/mg-mg4-electric-64-kwh,365.8752777902159
mg,4 electric xpower,200,61.7,lithium-ion,104.0,600.0,160,320,3.8,116.0,ccs,500.0,363,5,awd,c - medium,4287,1836,1516,hatchback,https://ev-database.org/car/1944/mg-mg4-electric-xpower,332.6450813851216
mercedes-benz,eqa 250,160,66.5,lithium-ion,300.0,385.0,146,395,8.6,100.0,ccs,1500.0,340,5,fwd,jc - medium,4463,1834,1620,suv,https://ev-database.org/car/1984/mercedes-benz-eqa-250,377.04383378331613
mercedes-benz,eqa 300 4matic,160,66.5,lithium-ion,300.0,390.0,162,350,7.7,100.0,ccs,1800.0,340,5,awd,jc - medium,4463,1834,1620,suv,https://ev-database.org/car/1986/mercedes-benz-eqa-300-4matic,358.3738991252398
mercedes-benz,eqa 350 4matic,160,66.5,lithium-ion,300.0,520.0,162,350,6.0,100.0,ccs,1800.0,340,5,awd,jc - medium,4463,1834,1620,suv,https://ev-database.org/car/1987/mercedes-benz-eqa-350-4matic,360.27055418693465
mercedes-benz,eqb 300 4matic,160,66.5,lithium-ion,300.0,390.0,168,345,8.0,100.0,ccs,1700.0,495,7,awd,jc - medium,4684,1834,1667,suv,https://ev-database.org/car/1989/mercedes-benz-eqb-300-4matic,351.95274752585294
mercedes-benz,eqb 350 4matic,160,66.5,lithium-ion,300.0,520.0,168,345,6.2,100.0,ccs,1700.0,495,7,awd,jc - medium,4684,1834,1667,suv,https://ev-database.org/car/1990/mercedes-benz-eqb-350-4matic,354.2467318781989
mercedes-benz,eqe 350 4matic,210,90.6,lithium-ion,360.0,765.0,173,515,6.3,141.0,ccs,1700.0,430,5,awd,e - executive,4946,1906,1503,sedan,https://ev-database.org/car/2206/mercedes-benz-eqe-350-4matic,488.60000744930653
mercedes-benz,eqe 500 4matic,210,90.6,lithium-ion,360.0,858.0,173,505,4.7,141.0,ccs,1700.0,430,5,awd,e - executive,4946,1906,1503,sedan,https://ev-database.org/car/2207/mercedes-benz-eqe-500-4matic,488.064263268329
mercedes-benz,eqe amg 43 4matic,210,90.6,lithium-ion,360.0,858.0,207,450,4.2,141.0,ccs,1700.0,430,5,awd,e - executive,4964,1906,1495,sedan,https://ev-database.org/car/2208/mercedes-benz-eqe-amg-43-4matic,471.90632782218773
mercedes-benz,eqe amg 53 4matic+,220,90.6,lithium-ion,360.0,950.0,208,450,3.5,141.0,ccs,1700.0,430,5,awd,e - executive,4964,1906,1495,sedan,https://ev-database.org/car/2209/mercedes-benz-eqe-amg-53-4maticplus,468.8439601828465
mercedes-benz,eqe suv amg 43 4matic,210,90.6,lithium-ion,360.0,858.0,214,425,4.3,141.0,ccs,1800.0,520,5,awd,je - executive,4879,1940,1672,suv,https://ev-database.org/car/1763/mercedes-benz-eqe-suv-amg-43-4matic,422.1914929206852
mercedes-benz,eqe suv amg 53 4matic+,240,90.6,lithium-ion,360.0,1000.0,242,420,3.5,141.0,ccs,1800.0,520,5,awd,je - executive,4879,1940,1672,suv,https://ev-database.org/car/1764/mercedes-benz-eqe-suv-amg-53-4maticplus,397.7305145552379
mercedes-benz,eqs 350,210,96.0,lithium-ion,360.0,565.0,165,570,6.7,130.0,ccs,750.0,620,5,rwd,f - luxury,5223,1926,1512,sedan,https://ev-database.org/car/2155/mercedes-benz-eqs-350,543.6000022200082
mercedes-benz,eqv 250 extra-long,160,60.0,lithium-ion,192.0,365.0,282,210,12.0,60.0,ccs,0.0,1410,7,fwd,n - passenger van,5370,1928,1911,small passenger van,https://ev-database.org/car/2130/mercedes-benz-eqv-250-extra-long,191.14458338630283
mercedes-benz,eqv 250 long,160,60.0,lithium-ion,192.0,365.0,282,215,12.0,60.0,ccs,0.0,1030,7,fwd,n - passenger van,5140,1928,1910,small passenger van,https://ev-database.org/car/2129/mercedes-benz-eqv-250-long,188.59998666911423
mercedes-benz,eqv 300 extra-long,140,90.0,lithium-ion,288.0,365.0,249,315,12.2,96.0,ccs,0.0,1410,7,fwd,n - passenger van,5370,1928,1901,small passenger van,https://ev-database.org/car/2274/mercedes-benz-eqv-300-extra-long,341.39998161754914
mercedes-benz,eqv 300 long,160,90.0,lithium-ion,288.0,365.0,276,320,12.1,96.0,ccs,0.0,1030,7,fwd,n - passenger van,5140,1928,1901,small passenger van,https://ev-database.org/car/2131/mercedes-benz-eqv-300-long,330.21777872462684
mercedes-benz,g 580,180,116.0,lithium-ion,216.0,1164.0,267,360,4.7,150.0,ccs,0.0,555,5,awd,jf - luxury,4624,1931,1986,suv,https://ev-database.org/car/2192/mercedes-benz-g-580,384.53112802323835
mercedes-benz,evito tourer extra-long 60 kwh,160,60.0,lithium-ion,192.0,360.0,254,215,12.0,60.0,ccs,0.0,1390,8,fwd,n - passenger van,5370,1928,1890,small passenger van,https://ev-database.org/car/2139/mercedes-benz-evito-tourer-extra-long-60-kwh,212.60945804585293
mercedes-benz,evito tourer long 60 kwh,160,60.0,lithium-ion,192.0,360.0,259,220,12.0,60.0,ccs,0.0,990,8,fwd,n - passenger van,5140,1928,1890,small passenger van,https://ev-database.org/car/2138/mercedes-benz-evito-tourer-long-60-kwh,199.91631833775426
mercedes-benz,evito tourer long 90 kwh,160,90.0,lithium-ion,288.0,360.0,260,325,12.1,96.0,ccs,0.0,990,8,fwd,n - passenger van,5140,1928,1890,small passenger van,https://ev-database.org/car/2140/mercedes-benz-evito-tourer-long-90-kwh,342.35644515622465
nio,el6 long range,200,90.0,lithium-ion,96.0,700.0,170,435,4.5,135.0,ccs,1200.0,579,5,awd,je - executive,4854,1995,1703,suv,https://ev-database.org/car/1922/nio-el6-long-range,446.4174108614711
nio,el6 standard range,200,73.5,lithium-ion,118.0,700.0,181,365,4.5,110.0,ccs,1200.0,579,5,awd,je - executive,4854,1995,1703,suv,https://ev-database.org/car/1921/nio-el6-standard-range,361.1651882850214
nio,el7 long range,200,90.0,lithium-ion,96.0,850.0,185,430,3.9,100.0,ccs,2000.0,570,5,awd,jf - luxury,4912,1987,1720,suv,https://ev-database.org/car/1789/nio-el7-long-range,429.61791857542835
nio,el7 standard range,200,73.5,lithium-ion,118.0,850.0,198,355,3.9,110.0,ccs,2000.0,570,5,awd,jf - luxury,4912,1987,1720,suv,https://ev-database.org/car/1788/nio-el7-standard-range,348.5367232319662
nio,el8 long range,200,90.0,lithium-ion,96.0,850.0,185,440,4.1,190.0,ccs,2000.0,265,6,awd,jf - luxury,5099,1989,1750,suv,https://ev-database.org/car/2223/nio-el8-long-range,435.7258932945563
nio,el8 standard range,200,73.5,lithium-ion,118.0,850.0,196,360,4.1,110.0,ccs,2000.0,265,6,awd,jf - luxury,5099,1989,1750,suv,https://ev-database.org/car/2222/nio-el8-standard-range,342.0189006108128
nio,et5 long range,200,90.0,lithium-ion,96.0,700.0,167,500,4.0,100.0,ccs,1400.0,386,5,awd,e - executive,4790,1960,1499,sedan,https://ev-database.org/car/1787/nio-et5-long-range,493.6422702982753
nio,et5 standard range,200,73.5,lithium-ion,118.0,700.0,175,410,4.0,110.0,ccs,1400.0,386,5,awd,e - executive,4790,1960,1499,sedan,https://ev-database.org/car/1786/nio-et5-standard-range,415.5842774975835
nio,et5 touring long range,200,90.0,lithium-ion,96.0,700.0,178,485,4.0,135.0,ccs,1400.0,450,5,awd,e - executive,4790,1960,1499,station/estate,https://ev-database.org/car/1916/nio-et5-touring-long-range,481.59024122019207
nio,et5 touring standard range,200,73.5,lithium-ion,118.0,700.0,169,400,4.0,110.0,ccs,1400.0,450,5,awd,e - executive,4790,1960,1499,station/estate,https://ev-database.org/car/1915/nio-et5-touring-standard-range,408.43082881482377
nio,et7 long range,200,90.0,lithium-ion,96.0,850.0,178,505,3.8,100.0,ccs,2000.0,363,5,awd,f - luxury,5101,1987,1509,sedan,https://ev-database.org/car/1752/nio-et7-long-range,495.97578730471497
nio,et7 standard range,200,73.5,lithium-ion,118.0,850.0,191,415,3.8,110.0,ccs,2000.0,363,5,awd,f - luxury,5101,1987,1509,sedan,https://ev-database.org/car/1751/nio-et7-standard-range,414.8945919612528
opel,astra electric,170,50.8,lithium-ion,102.0,270.0,128,320,9.2,85.0,ccs,0.0,352,5,fwd,c - medium,4374,1860,1470,hatchback,https://ev-database.org/car/1792/opel-astra-electric,312.17985615751843
opel,astra sports tourer electric,170,50.8,lithium-ion,102.0,270.0,123,310,9.3,85.0,ccs,0.0,516,5,fwd,c - medium,4642,1860,1480,station/estate,https://ev-database.org/car/1793/opel-astra-sports-tourer-electric,314.58795116257835
opel,corsa electric 50 kwh,150,46.3,lithium-ion,216.0,260.0,131,290,8.7,78.0,ccs,0.0,267,5,fwd,b - compact,4061,1765,1435,hatchback,https://ev-database.org/car/1941/opel-corsa-electric-50-kwh,299.62682345425435
opel,corsa electric 51 kwh,150,48.1,lithium-ion,96.0,260.0,120,315,8.1,80.0,ccs,0.0,267,5,fwd,b - compact,4061,1765,1435,hatchback,https://ev-database.org/car/1942/opel-corsa-electric-51-kwh,315.40892936541644
opel,grandland 73 kwh,170,73.0,lithium-ion,96.0,260.0,145,365,9.0,90.0,ccs,1200.0,550,5,fwd,jc - medium,4650,1934,1665,suv,https://ev-database.org/car/3037/opel-grandland-73-kwh,372.3977991558581
opel,mokka electric,150,50.8,lithium-ion,102.0,260.0,126,285,9.0,85.0,ccs,0.0,310,5,fwd,jb - compact,4151,1790,1534,suv,https://ev-database.org/car/3051/opel-mokka-electric,300.28254731546957
opel,zafira-e life l2 50 kwh,130,46.3,lithium-ion,216.0,270.0,217,180,13.3,78.0,ccs,1000.0,603,9,fwd,n - passenger van,4983,1920,1890,small passenger van,https://ev-database.org/car/2260/opel-zafira-e-life-l2-50-kwh,164.76248015823512
opel,zafira-e life l2 75 kwh,130,68.0,lithium-ion,324.0,270.0,202,260,14.2,79.0,ccs,1000.0,603,9,fwd,n - passenger van,4983,1920,1890,small passenger van,https://ev-database.org/car/2262/opel-zafira-e-life-l2-75-kwh,270.7259403981378
opel,zafira-e life l3 50 kwh,130,46.3,lithium-ion,216.0,270.0,219,180,13.3,78.0,ccs,1000.0,989,9,fwd,n - passenger van,5333,1920,1890,small passenger van,https://ev-database.org/car/2261/opel-zafira-e-life-l3-50-kwh,167.54519533102496
opel,zafira-e life l3 75 kwh,130,68.0,lithium-ion,324.0,260.0,204,260,14.2,79.0,ccs,1000.0,989,9,fwd,n - passenger van,5333,1920,1890,small passenger van,https://ev-database.org/car/2263/opel-zafira-e-life-l3-75-kwh,273.88234348472554
peugeot,e-2008 50 kwh,150,46.3,lithium-ion,216.0,260.0,136,270,9.9,78.0,ccs,0.0,434,5,fwd,jb - compact,4304,1775,1523,suv,https://ev-database.org/car/1946/peugeot-e-2008-50-kwh,279.8058930063925
peugeot,e-2008 54 kwh,150,50.8,lithium-ion,102.0,260.0,125,300,9.1,85.0,ccs,0.0,434,5,fwd,jb - compact,4304,1775,1523,suv,https://ev-database.org/car/1947/peugeot-e-2008-54-kwh,309.5244810882253
peugeot,e-208 50 kwh,150,46.3,lithium-ion,216.0,260.0,132,290,9.0,78.0,ccs,0.0,265,5,fwd,b - compact,4055,1765,1430,hatchback,https://ev-database.org/car/1948/peugeot-e-208-50-kwh,296.6164225446571
peugeot,e-208 51 kwh,150,48.1,lithium-ion,96.0,260.0,120,310,8.2,80.0,ccs,0.0,265,5,fwd,b - compact,4055,1765,1430,hatchback,https://ev-database.org/car/1949/peugeot-e-208-51-kwh,313.7978275456753
peugeot,e-3008 73 kwh,170,73.0,lithium-ion,96.0,345.0,143,380,8.8,90.0,ccs,1250.0,588,5,fwd,jc - medium,4542,1895,1641,suv,https://ev-database.org/car/2003/peugeot-e-3008-73-kwh,376.273063310858
peugeot,e-308,170,50.8,lithium-ion,102.0,260.0,124,300,9.8,80.0,ccs,0.0,412,5,fwd,c - medium,4367,1852,1441,hatchback,https://ev-database.org/car/1744/peugeot-e-308,316.77093210558604
peugeot,e-5008 73 kwh,170,73.0,lithium-ion,96.0,345.0,150,370,9.7,90.0,ccs,1000.0,348,7,fwd,jd - large,4791,1895,1694,suv,https://ev-database.org/car/2149/peugeot-e-5008-73-kwh,365.0560694153271
peugeot,e-traveller l2 50 kwh,130,46.3,lithium-ion,216.0,270.0,217,180,13.3,78.0,ccs,1000.0,603,9,fwd,n - passenger van,4983,1920,1890,small passenger van,https://ev-database.org/car/2256/peugeot-e-traveller-l2-50-kwh,162.76570579689314
peugeot,e-traveller l2 75 kwh,130,68.0,lithium-ion,324.0,270.0,202,260,14.2,79.0,ccs,1000.0,603,9,fwd,n - passenger van,4983,1920,1890,small passenger van,https://ev-database.org/car/2258/peugeot-e-traveller-l2-75-kwh,268.72916603679585
peugeot,e-traveller l3 50 kwh,130,46.3,lithium-ion,216.0,270.0,219,180,13.3,78.0,ccs,1000.0,989,9,fwd,n - passenger van,5333,1920,1890,small passenger van,https://ev-database.org/car/2257/peugeot-e-traveller-l3-50-kwh,165.54842096968304
peugeot,e-traveller l3 75 kwh,130,68.0,lithium-ion,324.0,270.0,204,260,14.2,79.0,ccs,1000.0,989,9,fwd,n - passenger van,5333,1920,1890,small passenger van,https://ev-database.org/car/2259/peugeot-e-traveller-l3-75-kwh,271.5118812095857
polestar,2 long range dual motor (my26),205,79.0,lithium-ion,324.0,740.0,142,455,4.5,125.0,ccs,1500.0,407,5,awd,d - large,4606,1859,1479,liftback sedan,https://ev-database.org/car/3152/polestar-2-long-range-dual-motor,455.4117653518041
polestar,2 long range performance (my26),205,79.0,lithium-ion,324.0,740.0,142,450,4.2,125.0,ccs,1500.0,407,5,awd,d - large,4606,1859,1473,liftback sedan,https://ev-database.org/car/3153/polestar-2-long-range-performance,457.8460664989391
polestar,2 long range single motor (my26),205,79.0,lithium-ion,324.0,490.0,130,475,6.2,125.0,ccs,1500.0,407,5,rwd,d - large,4606,1859,1479,liftback sedan,https://ev-database.org/car/3151/polestar-2-long-range-single-motor,481.12410255923953
polestar,3 long range dual motor,210,107.0,lithium-ion,204.0,840.0,183,515,5.0,150.0,ccs,2200.0,484,5,awd,je - executive,4900,1968,1614,suv,https://ev-database.org/car/1758/polestar-3-long-range-dual-motor,513.398334565728
polestar,3 long range performance,210,107.0,lithium-ion,204.0,910.0,194,495,4.7,150.0,ccs,2200.0,484,5,awd,je - executive,4900,1968,1614,suv,https://ev-database.org/car/1759/polestar-3-long-range-performance,505.3234614470012
polestar,3 long range single motor,180,107.0,lithium-ion,204.0,490.0,166,530,7.8,150.0,ccs,1500.0,484,5,rwd,je - executive,4900,1968,1614,suv,https://ev-database.org/car/2229/polestar-3-long-range-single-motor,538.7735362835786
polestar,4 long range dual motor,200,94.0,lithium-ion,110.0,686.0,165,485,3.8,135.0,ccs,2000.0,526,5,awd,e - executive,4839,2008,1544,liftback sedan,https://ev-database.org/car/1842/polestar-4-long-range-dual-motor,478.7539101620384
polestar,4 long range single motor,180,94.0,lithium-ion,110.0,343.0,157,495,7.4,135.0,ccs,1500.0,526,5,rwd,e - executive,4839,2008,1544,liftback sedan,https://ev-database.org/car/1841/polestar-4-long-range-single-motor,495.7688580934561
porsche,macan 4 electric,220,95.0,lithium-ion,180.0,650.0,184,470,5.2,200.0,ccs,2000.0,540,5,awd,jd - large,4784,1938,1622,suv,https://ev-database.org/car/2084/porsche-macan-4-electric,469.03860104687703
porsche,macan 4s electric,240,95.0,lithium-ion,180.0,820.0,186,470,4.1,200.0,ccs,2000.0,540,5,awd,jd - large,4784,1938,1622,suv,https://ev-database.org/car/2244/porsche-macan-4s-electric,462.24504097555854
porsche,macan electric,220,95.0,lithium-ion,180.0,563.0,177,495,5.7,200.0,ccs,2000.0,540,5,rwd,jd - large,4784,1938,1623,suv,https://ev-database.org/car/2083/porsche-macan-electric,490.19752199191873
porsche,macan turbo electric,260,95.0,lithium-ion,180.0,1001.0,183,460,3.3,200.0,ccs,2000.0,480,5,awd,jd - large,4784,1938,1621,suv,https://ev-database.org/car/2085/porsche-macan-turbo-electric,457.0786910824103
porsche,taycan 4 cross turismo,220,97.0,lithium-ion,396.0,610.0,188,510,4.7,281.0,ccs,0.0,446,5,awd,f - luxury,4974,1967,1409,station/estate,https://ev-database.org/car/2110/porsche-taycan-4-cross-turismo,510.24590401281006
porsche,taycan 4 plus,230,97.0,lithium-ion,396.0,610.0,175,565,4.6,281.0,ccs,0.0,407,5,awd,f - luxury,4963,1966,1379,sedan,https://ev-database.org/car/3061/porsche-taycan-4-plus,547.5945239949958
porsche,taycan 4s cross turismo,240,97.0,lithium-ion,396.0,710.0,188,510,3.8,281.0,ccs,0.0,446,5,awd,f - luxury,4974,1967,1409,station/estate,https://ev-database.org/car/2111/porsche-taycan-4s-cross-turismo,506.48278177388266
porsche,taycan 4s plus,250,97.0,lithium-ion,396.0,710.0,177,565,3.7,281.0,ccs,0.0,407,5,awd,f - luxury,4963,1966,1379,sedan,https://ev-database.org/car/2101/porsche-taycan-4s-plus,542.6221207389603
porsche,taycan 4s plus sport turismo,250,97.0,lithium-ion,396.0,710.0,186,510,3.7,281.0,ccs,0.0,446,5,awd,f - luxury,4963,1966,1390,station/estate,https://ev-database.org/car/2107/porsche-taycan-4s-plus-sport-turismo,509.9145529857921
porsche,taycan gts,250,97.0,lithium-ion,396.0,790.0,176,535,3.3,281.0,ccs,0.0,366,5,awd,f - luxury,4963,1966,1381,sedan,https://ev-database.org/car/3062/porsche-taycan-gts,527.2055335704115
porsche,taycan gts sport turismo,250,97.0,lithium-ion,396.0,790.0,185,505,3.3,281.0,ccs,0.0,405,5,awd,f - luxury,4963,1966,1392,station/estate,https://ev-database.org/car/3063/porsche-taycan-gts-sport-turismo,508.63376075086455
porsche,taycan plus,230,97.0,lithium-ion,396.0,420.0,168,575,4.8,281.0,ccs,0.0,407,5,rwd,f - luxury,4963,1966,1379,sedan,https://ev-database.org/car/2099/porsche-taycan-plus,574.0014705366385
porsche,taycan plus sport turismo,230,97.0,lithium-ion,396.0,420.0,176,530,4.8,281.0,ccs,0.0,446,5,rwd,f - luxury,4963,1966,1390,station/estate,https://ev-database.org/car/2105/porsche-taycan-plus-sport-turismo,541.8985432920244
porsche,taycan turbo,260,97.0,lithium-ion,396.0,940.0,174,535,2.7,281.0,ccs,0.0,366,5,awd,f - luxury,4963,1966,1379,sedan,https://ev-database.org/car/2102/porsche-taycan-turbo,523.8064726911147
porsche,taycan turbo cross turismo,250,97.0,lithium-ion,396.0,940.0,188,495,2.8,281.0,ccs,0.0,405,5,awd,f - luxury,4974,1967,1412,station/estate,https://ev-database.org/car/2112/porsche-taycan-turbo-cross-turismo,499.3678504964051
porsche,taycan turbo gt,290,97.0,lithium-ion,396.0,1340.0,184,475,2.3,281.0,ccs,0.0,326,5,awd,f - luxury,4968,1966,1378,sedan,https://ev-database.org/car/2144/porsche-taycan-turbo-gt,499.415826378916
porsche,taycan turbo gt weissach,305,97.0,lithium-ion,396.0,1340.0,180,475,2.2,281.0,ccs,0.0,367,2,awd,f - luxury,4968,1966,1378,sedan,https://ev-database.org/car/2145/porsche-taycan-turbo-gt-weissach,499.5300626661774
porsche,taycan turbo s,260,97.0,lithium-ion,396.0,1110.0,174,525,2.4,281.0,ccs,0.0,366,5,awd,f - luxury,4963,1966,1378,sedan,https://ev-database.org/car/2103/porsche-taycan-turbo-s,518.8528182410347
porsche,taycan turbo s cross turismo,250,97.0,lithium-ion,396.0,1110.0,188,485,2.5,281.0,ccs,0.0,405,5,awd,f - luxury,4974,1967,1407,station/estate,https://ev-database.org/car/2113/porsche-taycan-turbo-s-cross-turismo,495.24240489644643
porsche,taycan turbo s sport turismo,260,97.0,lithium-ion,396.0,1110.0,183,505,2.4,281.0,ccs,0.0,405,5,awd,f - luxury,4963,1966,1388,station/estate,https://ev-database.org/car/2109/porsche-taycan-turbo-s-sport-turismo,500.48809763401806
porsche,taycan turbo sport turismo,260,97.0,lithium-ion,396.0,940.0,184,505,2.7,281.0,ccs,0.0,405,5,awd,f - luxury,4963,1966,1392,station/estate,https://ev-database.org/car/2108/porsche-taycan-turbo-sport-turismo,504.215954937953
renault,4 e-tech 40kwh 120hp,150,40.0,lithium-ion,93.0,225.0,124,245,9.2,55.0,ccs,750.0,420,5,fwd,jb - compact,4143,1796,1552,suv,https://ev-database.org/car/3126/renault-4-e-tech-40kwh-120hp,255.849216768531
renault,4 e-tech 52kwh 150hp,150,52.0,lithium-ion,184.0,245.0,127,315,8.2,70.0,ccs,750.0,420,5,fwd,jb - compact,4143,1796,1552,suv,https://ev-database.org/car/3127/renault-4-e-tech-52kwh-150hp,315.4977218063406
renault,5 e-tech 40kwh 120hp,150,40.0,lithium-ion,93.0,225.0,132,250,9.0,55.0,ccs,500.0,326,5,fwd,b - compact,3922,1808,1489,hatchback,https://ev-database.org/car/2134/renault-5-e-tech-40kwh-120hp,251.2804164536247
renault,5 e-tech 52kwh 150hp,150,52.0,lithium-ion,184.0,245.0,129,320,8.0,70.0,ccs,500.0,326,5,fwd,b - compact,3922,1808,1489,hatchback,https://ev-database.org/car/2135/renault-5-e-tech-52kwh-150hp,314.5567645427588
renault,megane e-tech ev60 130hp (tu2025),150,60.0,lithium-ion,288.0,250.0,125,380,10.5,88.0,ccs,500.0,440,5,fwd,c - medium,4200,1860,1505,hatchback,https://ev-database.org/car/3131/renault-megane-e-tech-ev60-130hp,362.8305310526183
renault,megane e-tech ev60 220hp (tu2025),160,60.0,lithium-ion,288.0,300.0,133,380,7.4,88.0,ccs,900.0,440,5,fwd,c - medium,4200,1860,1505,hatchback,https://ev-database.org/car/3132/renault-megane-e-tech-ev60-220hp,371.28673209462164
renault,scenic e-tech ev60 170hp,150,60.0,lithium-ion,192.0,280.0,144,340,8.6,75.0,ccs,1100.0,545,5,fwd,jc - medium,4470,1864,1571,suv,https://ev-database.org/car/2068/renault-scenic-e-tech-ev60-170hp,342.9651827284442
renault,scenic e-tech ev87 220hp,170,87.0,lithium-ion,288.0,300.0,143,480,7.9,95.0,ccs,1100.0,545,5,fwd,jc - medium,4470,1864,1571,suv,https://ev-database.org/car/2069/renault-scenic-e-tech-ev87-220hp,469.33333087579877
skoda,elroq 50,160,52.0,lithium-ion,192.0,310.0,149,310,9.0,90.0,ccs,1000.0,470,5,rwd,jc - medium,4488,1884,1625,suv,https://ev-database.org/car/3031/skoda-elroq-50,323.897633392286
skoda,elroq 60,160,59.0,lithium-ion,216.0,310.0,149,350,8.5,110.0,ccs,1000.0,470,5,rwd,jc - medium,4488,1884,1625,suv,https://ev-database.org/car/3032/skoda-elroq-60,361.1606343575401
skoda,elroq 85,180,77.0,lithium-ion,288.0,545.0,145,450,6.6,120.0,ccs,1000.0,470,5,rwd,jc - medium,4488,1884,1625,suv,https://ev-database.org/car/3033/skoda-elroq-85,443.23674713280116
skoda,elroq rs,180,79.0,lithium-ion,288.0,679.0,151,450,5.4,135.0,ccs,1200.0,470,5,awd,jc - medium,4488,1884,1608,suv,https://ev-database.org/car/3183/skoda-elroq-rs,440.7494449987419
skoda,enyaq 60,160,59.0,lithium-ion,216.0,310.0,145,360,8.1,110.0,ccs,1000.0,585,5,rwd,jc - medium,4658,1879,1622,suv,https://ev-database.org/car/3096/skoda-enyaq-60,373.71075245433576
skoda,enyaq 85,180,77.0,lithium-ion,288.0,545.0,141,455,6.7,120.0,ccs,1000.0,585,5,rwd,jc - medium,4658,1879,1622,suv,https://ev-database.org/car/3097/skoda-enyaq-85,453.80021877634186
skoda,enyaq 85x,180,77.0,lithium-ion,288.0,679.0,150,450,6.7,120.0,ccs,1200.0,585,5,awd,jc - medium,4658,1879,1620,suv,https://ev-database.org/car/3098/skoda-enyaq-85x,430.21891939244165
skoda,enyaq coupe 60,160,59.0,lithium-ion,216.0,310.0,141,370,8.1,110.0,ccs,1000.0,570,5,rwd,jc - medium,4658,1879,1623,suv,https://ev-database.org/car/3099/skoda-enyaq-coupe-60,384.19572534411185
skoda,enyaq coupe 85,180,77.0,lithium-ion,288.0,545.0,138,470,6.7,120.0,ccs,1000.0,570,5,rwd,jc - medium,4658,1879,1623,suv,https://ev-database.org/car/3100/skoda-enyaq-coupe-85,463.6805511575639
skoda,enyaq coupe 85x,180,77.0,lithium-ion,288.0,679.0,146,460,6.7,120.0,ccs,1200.0,570,5,awd,jc - medium,4658,1879,1621,suv,https://ev-database.org/car/3101/skoda-enyaq-coupe-85x,440.70389228221774
skoda,enyaq coupe rs,180,79.0,lithium-ion,288.0,679.0,143,470,5.4,135.0,ccs,1200.0,570,5,awd,jc - medium,4660,1879,1608,suv,https://ev-database.org/car/3185/skoda-enyaq-coupe-rs,461.86520080778234
skoda,enyaq rs,180,79.0,lithium-ion,288.0,679.0,147,460,5.4,135.0,ccs,1200.0,585,5,awd,jc - medium,4660,1879,1607,suv,https://ev-database.org/car/3184/skoda-enyaq-rs,451.38022791800626
subaru,solterra awd,160,64.0,lithium-ion,96.0,336.0,154,320,6.9,100.0,ccs,750.0,441,5,awd,jc - medium,4690,1860,1650,suv,https://ev-database.org/car/1567/subaru-solterra-awd,333.1111904408346
tesla,model 3 long range awd (highland),201,75.0,lithium-ion,4416.0,493.0,119,525,4.4,124.0,ccs,1000.0,594,5,awd,d - large,4720,1849,1441,sedan,https://ev-database.org/car/1992/tesla-model-3-long-range-awd,519.0100253818055
tesla,model 3 long range rwd (highland),201,75.0,lithium-ion,4416.0,450.0,117,545,5.2,124.0,ccs,1000.0,594,5,rwd,d - large,4720,1849,1441,sedan,https://ev-database.org/car/3034/tesla-model-3-long-range-rwd,534.5165813039437
tesla,model 3 performance (highland),262,75.0,lithium-ion,4416.0,741.0,142,490,3.2,124.0,ccs,0.0,594,5,awd,d - large,4720,1849,1431,sedan,https://ev-database.org/car/2188/tesla-model-3-performance,480.073426480606
tesla,model y long range awd (juniper),201,75.0,lithium-ion,4416.0,493.0,132,455,4.8,124.0,ccs,1600.0,854,5,awd,jd - large,4790,1982,1624,suv,https://ev-database.org/car/3104/tesla-model-y-long-range-awd,458.857405446786
tesla,model y long range rwd (juniper),201,75.0,lithium-ion,4416.0,450.0,121,470,5.6,124.0,ccs,1600.0,854,5,rwd,jd - large,4790,1982,1624,suv,https://ev-database.org/car/3120/tesla-model-y-long-range-rwd,479.8057259459108
toyota,proace verso l 75 kwh,130,68.0,lithium-ion,324.0,260.0,204,260,13.3,79.0,ccs,1000.0,989,9,fwd,n - passenger van,5333,1920,1890,small passenger van,https://ev-database.org/car/2267/toyota-proace-verso-l-75-kwh,276.8778697064299
toyota,proace verso m 50 kwh,130,46.3,lithium-ion,216.0,260.0,217,180,12.1,78.0,ccs,1000.0,603,9,fwd,n - passenger van,4983,1920,1890,small passenger van,https://ev-database.org/car/2264/toyota-proace-verso-m-50-kwh,169.32368216569023
toyota,proace verso m 75 kwh,130,68.0,lithium-ion,324.0,260.0,202,260,13.3,79.0,ccs,1000.0,603,9,fwd,n - passenger van,4983,1920,1890,small passenger van,https://ev-database.org/car/2266/toyota-proace-verso-m-75-kwh,274.09515453363986
toyota,bz4x awd,160,64.0,lithium-ion,96.0,336.0,154,345,6.9,100.0,ccs,750.0,452,5,awd,jc - medium,4690,1860,1600,suv,https://ev-database.org/car/1565/toyota-bz4x-awd,339.76160930145215
toyota,bz4x fwd,160,64.0,lithium-ion,96.0,265.0,145,350,7.5,100.0,ccs,750.0,452,5,fwd,jc - medium,4690,1860,1600,suv,https://ev-database.org/car/1564/toyota-bz4x-fwd,361.3416335234048
volkswagen,id. buzz lwb gtx,160,86.0,lithium-ion,312.0,560.0,182,350,6.5,145.0,ccs,1600.0,1340,7,awd,n - passenger van,4960,1985,1927,small passenger van,https://ev-database.org/car/2157/volkswagen-id-buzz-lwb-gtx-,373.59696205760844
volkswagen,id. buzz lwb pro,160,86.0,lithium-ion,312.0,560.0,190,370,7.9,145.0,ccs,1000.0,1340,7,rwd,n - passenger van,4962,1985,1924,small passenger van,https://ev-database.org/car/2154/volkswagen-id-buzz-lwb-pro,372.8030321272213
volkswagen,id. buzz nwb gtx,160,79.0,lithium-ion,288.0,560.0,194,330,6.5,135.0,ccs,1800.0,1121,6,awd,n - passenger van,4712,1985,1925,small passenger van,https://ev-database.org/car/2156/volkswagen-id-buzz-nwb-gtx,339.12282039744406
volkswagen,id. buzz nwb pro,160,79.0,lithium-ion,288.0,560.0,187,360,7.6,135.0,ccs,1200.0,1121,6,rwd,n - passenger van,4712,1985,1927,small passenger van,https://ev-database.org/car/2232/volkswagen-id-buzz-nwb-pro,347.4711384945358
volkswagen,id. buzz nwb pure,145,59.0,lithium-ion,216.0,310.0,178,275,10.7,110.0,ccs,1000.0,1121,6,rwd,n - passenger van,4712,1985,1927,small passenger van,https://ev-database.org/car/3119/volkswagen-id-buzz-nwb-pure,254.41820997192474
volkswagen,id.3 gtx,180,79.0,lithium-ion,288.0,545.0,131,470,5.9,135.0,ccs,0.0,385,5,rwd,c - medium,4322,1809,1538,hatchback,https://ev-database.org/car/2152/volkswagen-id3-gtx,469.10810439355265
volkswagen,id.3 gtx performance,200,79.0,lithium-ion,288.0,545.0,131,465,5.6,135.0,ccs,0.0,385,5,rwd,c - medium,4322,1809,1538,hatchback,https://ev-database.org/car/2153/volkswagen-id3-gtx-performance,466.6978855486978
volkswagen,id.3 pro,160,59.0,lithium-ion,216.0,310.0,136,365,7.6,110.0,ccs,0.0,385,5,rwd,c - medium,4264,1809,1564,hatchback,https://ev-database.org/car/2213/volkswagen-id3-pro,367.99380522297355
volkswagen,id.3 pro s,160,77.0,lithium-ion,288.0,310.0,138,465,7.1,120.0,ccs,0.0,385,5,rwd,c - medium,4264,1809,1564,hatchback,https://ev-database.org/car/2210/volkswagen-id3-pro-s,453.2633375688535
volkswagen,id.3 pure,160,52.0,lithium-ion,192.0,310.0,134,325,8.2,90.0,ccs,0.0,385,5,rwd,c - medium,4264,1809,1564,hatchback,https://ev-database.org/car/2214/volkswagen-id3-pure,331.5427559841766
volkswagen,id.4 gtx,180,77.0,lithium-ion,288.0,679.0,152,420,5.4,120.0,ccs,1200.0,543,5,awd,jc - medium,4584,1852,1631,suv,https://ev-database.org/car/2030/volkswagen-id4-gtx,418.0562236940812
volkswagen,id.4 pro,180,77.0,lithium-ion,288.0,545.0,149,445,6.7,120.0,ccs,1000.0,543,5,rwd,jc - medium,4584,1852,1631,suv,https://ev-database.org/car/2028/volkswagen-id4-pro,433.25850367325484
volkswagen,id.4 pro 4motion,180,77.0,lithium-ion,288.0,679.0,155,435,6.6,120.0,ccs,1200.0,543,5,awd,jc - medium,4584,1852,1631,suv,https://ev-database.org/car/2029/volkswagen-id4-pro-4motion,411.47435068060713
volkswagen,id.4 pure,160,52.0,lithium-ion,192.0,310.0,143,285,9.0,87.0,ccs,1000.0,543,5,rwd,jc - medium,4584,1852,1640,suv,https://ev-database.org/car/2027/volkswagen-id4-pure,311.39999718963446
volkswagen,id.5 gtx,180,77.0,lithium-ion,288.0,679.0,144,430,5.5,120.0,ccs,1200.0,549,5,awd,jc - medium,4599,1852,1615,suv,https://ev-database.org/car/2033/volkswagen-id5-gtx,426.4395019483479
volkswagen,id.5 pro,180,77.0,lithium-ion,288.0,545.0,138,460,6.7,120.0,ccs,1000.0,549,5,rwd,jc - medium,4599,1852,1615,suv,https://ev-database.org/car/2031/volkswagen-id5-pro,443.8530327438348
volkswagen,id.5 pure,160,52.0,lithium-ion,288.0,310.0,142,320,8.9,87.0,ccs,1000.0,549,5,rwd,jc - medium,4599,1852,1615,suv,https://ev-database.org/car/3080/volkswagen-id5-pure,326.24805374805834
volkswagen,id.7 gtx,180,86.0,lithium-ion,312.0,560.0,145,500,5.4,145.0,ccs,1200.0,532,5,awd,e - executive,4961,1862,1536,liftback sedan,https://ev-database.org/car/2216/volkswagen-id7-gtx,507.7464327005483
volkswagen,id.7 pro,180,77.0,lithium-ion,288.0,550.0,132,475,6.5,125.0,ccs,1000.0,532,5,rwd,e - executive,4961,1862,1536,liftback sedan,https://ev-database.org/car/1839/volkswagen-id7-pro,480.77919704795863
volkswagen,id.7 pro s,180,86.0,lithium-ion,312.0,550.0,133,525,6.6,145.0,ccs,1000.0,532,5,rwd,e - executive,4961,1862,1536,liftback sedan,https://ev-database.org/car/1840/volkswagen-id7-pro-s,524.1540764162664
volkswagen,id.7 tourer gtx,180,86.0,lithium-ion,312.0,560.0,147,500,5.5,145.0,ccs,1200.0,605,5,awd,e - executive,4961,1862,1536,station/estate,https://ev-database.org/car/2158/volkswagen-id7-tourer-gtx,495.3138177533411
volkswagen,id.7 tourer pro,180,77.0,lithium-ion,288.0,550.0,146,470,6.6,125.0,ccs,1000.0,605,5,rwd,e - executive,4961,1862,1536,station/estate,https://ev-database.org/car/2118/volkswagen-id7-tourer-pro,461.09089599810244
volkswagen,id.7 tourer pro s,180,86.0,lithium-ion,312.0,550.0,125,520,6.7,145.0,ccs,1000.0,605,5,rwd,e - executive,4961,1862,1536,station/estate,https://ev-database.org/car/2119/volkswagen-id7-tourer-pro-s,517.7678665545998
volvo,ec40 single motor er (my26),180,79.0,lithium-ion,324.0,420.0,146,420,7.3,125.0,ccs,1500.0,404,5,rwd,jc - medium,4440,1873,1596,suv,https://ev-database.org/car/3155/volvo-ec40-single-motor-er,420.05522914026983
volvo,ec40 twin motor (my26),180,79.0,lithium-ion,324.0,670.0,155,400,4.8,125.0,ccs,1800.0,404,5,awd,jc - medium,4440,1873,1596,suv,https://ev-database.org/car/3156/volvo-ec40-twin-motor,402.8196928044408
volvo,ec40 twin motor performance (my26),180,79.0,lithium-ion,324.0,670.0,155,400,4.6,125.0,ccs,1800.0,404,5,awd,jc - medium,4440,1873,1596,suv,https://ev-database.org/car/3157/volvo-ec40-twin-motor-performance,403.6143513857428
volvo,ex40 single motor er (my26),180,79.0,lithium-ion,324.0,420.0,152,400,7.3,125.0,ccs,1500.0,410,5,rwd,jc - medium,4440,1863,1652,suv,https://ev-database.org/car/3159/volvo-ex40-single-motor-er,406.37993698935594
volvo,ex40 twin motor (my26),180,79.0,lithium-ion,324.0,670.0,163,385,4.8,125.0,ccs,1800.0,410,5,awd,jc - medium,4440,1863,1652,suv,https://ev-database.org/car/3160/volvo-ex40-twin-motor,387.93511963641873
volvo,ex40 twin motor performance (my26),180,79.0,lithium-ion,324.0,670.0,163,385,4.6,125.0,ccs,1800.0,410,5,awd,jc - medium,4440,1863,1652,suv,https://ev-database.org/car/3161/volvo-ex40-twin-motor-performance,388.7297782177207
volvo,ex90 single motor (my24-26),180,100.0,lithium-ion,192.0,490.0,182,460,8.4,140.0,ccs,1200.0,310,7,rwd,jf - luxury,5037,1964,1744,suv,https://ev-database.org/car/1950/volvo-ex90-single-motor,447.6072379734305
volvo,ex90 twin motor (my24-26),180,107.0,lithium-ion,204.0,770.0,188,470,5.9,150.0,ccs,2200.0,310,7,awd,jf - luxury,5037,1964,1744,suv,https://ev-database.org/car/1775/volvo-ex90-twin-motor,472.7585073734028
volvo,ex90 twin motor performance (my24-26),180,107.0,lithium-ion,204.0,910.0,188,455,4.9,150.0,ccs,2200.0,310,7,awd,jf - luxury,5037,1964,1744,suv,https://ev-database.org/car/1776/volvo-ex90-twin-motor-performance,471.5001694867429
zeekr,001 long range rwd,200,94.0,lithium-ion,110.0,343.0,152,505,7.2,135.0,ccs,1500.0,539,5,rwd,e - executive,4955,1999,1560,liftback sedan,https://ev-database.org/car/1933/zeekr-001-long-range-rwd,502.4929909051438
zeekr,001 performance awd,200,94.0,lithium-ion,110.0,686.0,159,480,3.8,135.0,ccs,2000.0,539,5,awd,e - executive,4955,1999,1560,liftback sedan,https://ev-database.org/car/1934/zeekr-001-performance-awd,488.89023161778607
zeekr,001 privilege awd,200,94.0,lithium-ion,110.0,686.0,162,480,3.8,135.0,ccs,2000.0,539,5,awd,e - executive,4955,1999,1548,liftback sedan,https://ev-database.org/car/1935/zeekr-001-privilege-awd,489.56093664248795
